id,x1,x2,y
0,-0.1116665435998051,0.5202237402681694,1
1,1.1426498169832764,-0.3425773425006079,1
2,0.7955579558212915,-0.011442306560604742,1
4,-0.816466179332765,0.5439960413561316,0
5,0.6625099793411621,-0.08435587875643946,1
6,0.2745096069756633,-0.18990366850763177,1
8,1.5723690236721017,-0.33544711139004957,1
11,0.8336555798190408,0.6499529469429953,0
12,0.29468230487815755,0.004835841227689763,1
13,1.8513500430168657,-0.10902615963463375,1
16,-0.23867906238645523,1.1462415041581262,0
17,1.9234497236254187,-0.14797660415910469,1
18,0.8953750077647351,-0.43999190866571586,1
21,0.5595085373153135,1.1386066349134263,0
22,-0.49930706814144854,0.7378370372103509,0
23,-0.0830661443379691,0.4115955852710438,1
24,0.02784978022921561,0.805837078713619,0
26,0.7350479240928889,0.7597082252045726,0
27,2.2540475518680414,0.32931873343304974,1
29,2.139658024444141,0.37314782569952853,1
30,-0.2936707559741872,1.0227739719240978,0
31,0.31446651830839,0.8238087836950246,0
32,0.06472054854037862,-0.2927999487052031,1
33,-0.9658811592838273,0.1671130796699809,0
36,0.5760203748557685,-0.414194998274128,1
37,0.4930424671368744,0.11351824044889783,1
38,1.8589981280830234,0.009843729633396553,1
39,0.981850506816563,0.13501681822472336,0
40,-0.7426328278387022,1.2577053085300756,0
41,0.8596229579604804,0.588283100236477,0
42,-0.4014559140214426,1.0797927387874704,0
44,-0.4242383264506848,0.9251515289655875,0
46,2.0610266913133315,-0.4189792087080516,1
47,0.1494708148632428,0.03174751440861506,1
49,1.2228846495133088,-0.4042110114333704,1
50,-0.12953521699472104,0.043616018091476125,1
51,1.7266027633429122,-0.4494767948282301,1
52,0.088549625873841,0.9659373822376852,0
53,0.3342634705416161,-0.34055128761976555,1
54,0.7860959366469327,0.24763122515843336,0
55,0.8223942838261347,0.15484522527864045,0
56,0.2593869172315566,-0.1401263948600505,1
57,0.8625055716678338,0.0927734987973817,0
58,0.02195965872772157,1.1188017377164836,0
61,1.2204804731155023,-0.19840962320791378,0
62,-0.3809188900325764,-0.009480022828120771,1
63,0.01671937866164694,1.0084089616225547,0
67,1.597064264764647,-0.25678187814481984,1
68,1.0015146147574339,0.27204322010792364,0
72,0.25637534067748624,-0.2474350208790861,1
73,0.8763751293676331,-0.5444116723643648,1
74,-0.10161640478604311,0.7763333161413631,0
77,0.8385606825495737,0.05560446572526376,0
79,-0.6024522721563865,0.771926783007528,0
81,1.066176338079674,0.12106203178175312,0
82,0.08948538096402955,0.5531652009507411,0
83,0.5616526291104231,0.3004344599770227,0
85,-0.021827854610780045,0.4715901992504328,1
86,2.431028089348935,0.6281557216125184,1
87,0.6537851022469112,-0.5587562592325406,1
88,0.7643439599016617,-0.47959374993387066,1
89,-0.7947106071568961,0.9936813132664061,0
90,-0.3396380971518873,0.8152959070093343,0
92,0.33368347120312913,0.676034269796373,1
93,-0.0037320084692383793,1.082458833760258,0
94,1.2022841766040424,-0.3109409334266764,1
95,-0.8456437874340609,-0.08762848436281018,0
96,1.0215594054521997,-0.4561244010870533,1
97,0.5635390427790707,0.6423216595001986,0
102,1.941430739586959,0.14949156177571363,1
104,0.3388968789498299,-0.3829878879376377,1
105,0.045655641957977056,-0.08998299198414078,1
107,2.004426866343631,0.183851851247525,1
109,1.5580840827566704,-0.07370182195461164,1
110,0.11544495742610532,0.4311488523318958,1
111,1.2288450756121814,-0.2089363950494463,1
113,1.1426753403480827,-0.4588798387652281,1
114,1.069882816133229,0.5392889587521444,0
117,1.9005239461132397,0.49476184809979007,1
120,1.8708789673931576,-0.16649580232176736,1
121,-0.6676093564259498,0.4331327256545583,0
122,0.6791312134475469,-0.29640943257759345,1
123,-0.3470895055415475,1.0980224853300968,0
124,-0.12988097086301564,1.2524903382085082,0
125,0.01599282904880752,0.16402924030787314,1
129,1.042714650593364,-0.33278174025018126,1
130,0.33071274572051845,-0.07429965919477766,1
131,1.830890377770725,-0.44681207817027147,1
132,-0.19940125182416724,0.49832009007187583,0
135,0.7661198298534349,0.4981210206501657,0
138,0.6009033876141626,-0.08473379577485701,0
140,0.9287316902043237,0.10836791561240014,0
141,0.4776833433861034,0.8670967548281041,0
143,-0.5110116373749041,0.9951921486585071,0
144,1.6819563417122803,-0.23869340461343297,1
145,1.9712720795794898,-0.1345364600600219,1
146,1.2725572022395764,-0.46195545482819045,1
147,-0.040060000186223584,0.7646865118015413,0
148,1.5999400856754862,-0.18791939889040504,1
149,-0.36637511862754407,0.8250721675670267,0
150,0.2375798478415477,-0.42423494105777787,1
151,1.0162023064023682,1.0261810748779792,0
154,2.0427682226736814,0.3596277972969217,1
155,-1.1431023615611857,0.2517898158052446,0
156,-0.7156085054995075,0.6791864635657573,0
158,0.7613163453559958,0.36717127248490355,0
159,1.8881048911768672,-0.3745627131364474,1
160,-0.5225693856672746,-0.2371169757064676,1
161,1.3510789454892003,-0.42530974092528856,1
163,0.08586455881475491,-0.21761600961473854,1
165,0.6957138582489137,-0.28688712821420126,1
166,-0.21949888543350732,1.0967446439820123,0
167,0.7287323149325347,-0.2568432893596504,1
168,-0.1933047981109397,1.2250150262654744,0
169,-0.5015892764856064,1.024444897185281,0
170,-0.7197948127585535,0.596853908647133,0
171,-1.1299911712686073,0.22457417841091726,0
174,-0.8331020199229126,-0.216124857012039,0
175,-0.6503647552212231,0.7733658750301283,0
176,0.12233364774628613,0.7295490217904224,0
177,0.23925252141502104,1.04093800712679,0
178,1.3778588726589216,-0.5261469758543694,1
180,-0.7577081920122755,-0.2568251638941363,0
182,-0.7565170851916161,0.6138258390625118,0
183,-0.05922410290741496,0.3719676757641099,1
184,1.2036791919745387,-0.1316280472489293,1
187,-0.690959998632738,0.34001577560981827,0
191,1.609604048129025,-0.1798741164162814,1
192,0.6691276195637526,-0.06957939212831543,1
193,0.26812480918735565,0.7204907066752092,0
195,-1.0857759528518016,0.8741118680772053,0
196,-0.316783030371592,0.8268029281278259,0
197,0.11613785230061832,0.8322372660350102,0
198,0.25740755353490374,-0.1987926175597597,1
199,1.0719290543159787,0.4029750739000209,0
200,1.0844793333525695,0.17577988469415962,0
202,0.8051164011632455,-0.2972016370510594,1
203,0.15568774460065424,0.27029645634186295,1
204,1.3291891546249999,-0.29069336427557085,1
206,0.30110853473836496,0.8518444543247218,0
207,1.9477606342410243,-0.13962042974505734,1
209,1.303859565167607,-0.39486254452184916,1
212,1.8380434759737028,0.04570631032674572,1
213,1.434185034222247,-0.5209405202245605,1
215,-0.28618116578806774,0.6524983237839743,0
218,1.7842301419563749,-0.1280220919932029,1
219,1.2220930179842246,-0.47058210014650276,1
220,-0.2373710386132032,1.2958979545885918,0
221,0.7273065300809913,-0.48771035925545125,1
222,1.9347690754930869,0.33224796076931357,1
223,0.9169897981603855,0.1572477698290737,0
224,1.8360938683704982,-0.3164902733792909,1
226,-0.060568864106449904,0.13751845150933573,1
229,0.10422751863225364,0.41157652910947506,1
230,-0.6763607576062822,1.0459780076929723,0
231,2.0224112540766614,0.6585554084811795,1
232,-1.0331763316431406,0.3765372273026244,0
233,0.18969133189768003,0.4816696709229923,1
234,0.9045909561903911,0.247179091387346,0
235,0.774699643585573,0.08807276285956389,0
236,0.23994602303645773,1.2190897034052746,0
237,2.5674271819886263,0.2559617317133737,1
238,0.16750934443744253,1.0858530168939453,0
239,-0.7273817759769445,0.9778296789904698,0
240,0.8993704964352249,0.06120520172861698,0
241,0.5007654124836208,0.9371040625983799,0
242,0.19045770976287765,0.5866049143610447,1
243,0.9337546555259555,-0.6321518497510108,1
244,-0.6606186843163813,1.3377463988565284,0
245,0.7525557564301631,0.9897983978477773,0
246,-1.2337095604819883,0.30632032293641154,0
247,1.04487955662719,0.5018640558973664,0
248,0.9699622351330331,0.2537750366048084,0
250,0.949999647390299,0.3565034937015863,0
251,2.0634919158278593,0.39135708107627315,1
252,0.9160296256803568,-0.4793219369100955,1
253,1.7579979099088165,0.09852910997679568,1
254,-1.2514385593103203,0.6409204540584591,0
255,-0.6775148722856772,0.9586775649575096,0
256,0.08200192770696528,0.3632963511312106,1
259,0.6883248507355895,-0.023005508381375488,0
260,0.4647597819971263,-0.442390037448134,1
261,-1.0290273595667965,0.45916285577475724,0
262,0.9490371824538675,0.2950339046295562,0
264,-0.45688266560336066,1.0240835521441582,0
265,1.9216448113587872,-0.2522804489366261,1
266,1.3731535285118168,-0.1939955404330248,1
268,0.25588088976635176,-0.3445655497801301,1
269,-0.7268318682577515,0.5389191714662567,0
270,-1.024578333346571,-0.15035929594677153,0
271,0.6985100144784365,0.766105920457347,0
272,1.6942144650792113,-0.08184475131334436,1
274,-0.01625033901705397,0.5728759049447525,1
276,0.15626453218368944,1.0244870481456436,0
278,0.9280788770920679,0.35799781889637744,0
279,1.4239658481532227,-0.5106332960315595,1
280,0.2557357101789689,-0.20418482274613423,1
283,-0.3420092172385933,0.9811683091697865,0
285,0.5814798970587465,-0.3454581507110717,1
286,-0.8539833454611001,1.0978608776331553,0
287,-1.105187442102892,0.3689413609892658,0
288,0.3422102244963683,0.9395076905701021,0
291,0.9516327020623604,-0.6441972892231952,1
292,0.20940384386768213,0.6076943257980406,1
293,-0.8315272757313898,0.34565269743343074,0
294,-0.3925732436131291,0.7072052424975548,0
295,-0.9569149012017444,-0.011802456257008792,0
296,1.6643116397458444,-0.22086326031320835,1
297,-1.078780576869932,0.742774744296913,0
298,0.6884836418458048,-0.016651023330410804,0
301,-0.7138687472985411,0.6697633280259782,0
303,-0.8729514838195108,0.691232540215106,0
305,1.7195129326091267,-0.1161748675064998,1
306,-0.21817509738208274,0.4969837814759514,0
307,0.5780275581297647,0.1846007204656348,1
308,2.0534238873541244,0.2171948387813752,1
309,0.037116350039251574,0.1689979989713694,1
310,0.13228446624258333,0.05275633076814293,1
311,0.011046296627069033,0.12217800649107333,1
312,-0.04687956982543365,-0.18499500142389602,1
314,-1.3313143068725313,0.39496366818583506,0
315,-0.6554530292970722,0.44019103928006115,0
317,-0.628305446054522,0.7670642941398098,0
318,0.6712138413756904,-0.38064546165339175,1
319,0.6032297747841769,1.0167161265010705,0
320,0.9109373868945749,0.2896670428658047,0
323,0.40190079691595487,-0.19358298125081033,1
327,-0.7662341614501037,0.02784599149051345,0
328,0.7049144273301173,-0.32049251637477705,1
329,0.8188755038631641,0.6026975777890005,0
330,0.8719905426026839,-0.5695424689730554,1
331,-0.013673570187850315,0.7603348354886192,0
332,0.8756252908082923,-0.6414532609807031,1
335,-0.4773664464651613,1.004338361712528,0
336,0.9744612325949165,-0.1380531211458194,1
338,1.9889183738898528,-0.5541142102965144,1
339,0.08310219505178316,0.29947846350291873,1
340,-0.9075148549540886,-0.01639614780944021,0
342,0.6640688006540516,1.1041184095011765,0
344,-1.113953168246471,0.7266202844992331,0
345,-1.0989980020621426,0.33485292768046193,0
346,-0.0642007766136127,0.1389292910561104,1
349,2.1357106877631775,0.15288164781077393,1
350,0.5105416846436386,1.3320106621213734,0
351,-0.3881562729190212,0.7414339503500931,0
352,1.932193200396633,0.2803390437921463,1
353,0.8550193919858471,0.7662407762898685,0
354,-0.23902549462416822,0.8298840258497227,0
355,0.48060447657017724,0.8602586438644022,0
356,-0.495599178435008,0.9661378009753027,0
357,-0.573884388430459,0.39347565533815143,0
358,-0.2004197473590088,0.6433337689429873,0
359,0.5096510925630089,0.5059786267668995,0
360,-0.8730968923598769,0.6164451953540302,0
362,0.5101999787570114,0.7963026735191798,0
363,-1.0582860563066538,0.37595850403984843,0
371,0.7737497246744095,-0.46132073781056515,1
372,0.5590963494127446,0.8644301637614726,0
373,0.37550420103633003,1.1195030163356263,0
374,1.1129748235722412,0.15768450086106967,0
376,-1.2288553695489413,0.06122326731379048,0
377,0.6889184987603412,0.7061959245740134,0
378,1.8571900506022478,0.002638647199947504,1
380,0.5653137233198691,0.9373521040320771,0
381,0.48138078046699645,0.8972113519156075,0
382,0.7592454596902665,-0.451624713672757,1
383,0.02308715566559222,0.7967797526818199,0
385,1.5272144620557049,-0.08973546364920126,1
389,0.9603322163597594,-0.4046894777296014,1
390,0.2572756120740676,0.9061458747768023,0
391,0.8541400270909693,0.17308367854936463,0
392,0.5960638718178086,-0.5851603949184637,1
393,0.8380979350734811,0.503163704608703,0
396,-0.7300307991814399,1.0155947382794879,0
398,1.0214992861447074,-0.3010115342758242,1
400,1.230168163521565,0.08719434428176773,0
401,-0.8040458018139776,0.35254445717148714,0
402,0.02401455904646757,0.22206165682312246,1
403,-0.05932785422556544,0.3030289638771943,1
404,0.4361111533192138,-0.3357158979460907,1
406,1.6974124354231621,0.0502299791126046,1
407,-0.9208232502756901,1.2608633903925575,0
408,0.710281683673512,0.3075782324847631,0
409,0.2346144889543606,0.28336275846487147,1
410,-0.4554701753400133,0.31044868749505783,1
411,1.7038780694795819,-0.43238735435097,1
412,1.2539975483578751,-0.43898078339720326,1
414,1.0924615414615162,-0.49239780574890757,1
415,0.7362036005102712,-0.28496744596849855,1
416,0.8698247622501126,-0.16815736235812118,1
417,1.5516694715021937,-0.2082165111132621,1
421,0.7387029687390885,-0.4584951714211174,1
423,-0.07024938475871725,0.34460757988621166,1
426,0.7762676434831386,0.4118803102648533,0
427,0.9836663526360251,0.23310091651352619,0
428,0.19792735683851198,-0.08764718850571307,1
429,-0.019755489684040894,1.2522154765266131,0
430,-0.47216179960593085,0.8746351550485629,0
431,-0.5846742217402029,0.5824917495565116,0
432,-0.48312589997806493,1.0361981427797855,0
433,-1.0802506209212146,0.27514213369275115,0
434,0.11265533824160603,1.3437999589709284,0
436,0.24154153181393673,0.9828950692311588,0
437,-0.567378786142718,0.6923018951748359,0
438,1.6175536410037799,-0.432687396429546,1
439,-0.09669863601781764,-0.5519740566338608,1
440,0.28195368964655626,1.0156546441800864,0
441,0.004229177285058658,-0.0042222399366048935,1
442,2.025473079536368,0.2855225242691473,1
443,0.16103794376682706,-0.13845333789947037,1
445,0.2978379943796703,-0.15635462112988274,1
448,0.2849875991008192,-0.2612176752717115,1
449,0.6020332918815479,-0.38018013538939993,1
450,0.12092893377481553,-0.027141010718923272,1
452,-0.779367301840792,0.32052129600729085,0
453,0.6169515929503344,1.0000652406929225,0
454,0.4695255420125977,1.215042021545338,0
455,-0.04458759481603247,-0.23137794393119043,1
458,-0.8349133649542092,0.7993780703286694,0
461,1.015030183985515,0.5683497047965805,0
462,0.23650664594364545,-0.35868119548428656,1
463,2.1154859200561273,0.5523369118354424,1
464,-0.8765624513612578,0.41158787795252894,0
465,0.8487902331897998,0.8999316527091552,0
466,0.4633368033347903,0.43640612312772664,0
469,-0.8474321695676142,0.3290961078645338,0
471,1.1731129854652653,0.3971830816425559,0
472,2.140428822568993,-0.03547356884430593,1
473,0.883306189525659,0.36430837280395656,0
474,-0.07521260544115532,0.7961390713913872,0
475,2.0228927360534805,0.29321432104956036,1
477,2.2410918604747856,0.28762116881941535,1
478,0.08569810105986753,0.05161882719425548,1
480,0.45758580465338283,-0.2731764396393932,1
481,1.019501356767965,0.6942652145287382,0
482,0.4428903589060982,0.22938552938356657,0
483,-0.8833709690992126,0.4267552270297359,0
485,1.0595909424930816,-0.005668658791091796,0
488,0.42643830076809996,0.9204489563533874,0
490,1.9545826077603041,-0.5867458590951298,1
491,-0.0699219789768456,-0.0037043032003141324,1
492,0.7587462290754675,-0.7340568946670074,1
493,0.7027208674263057,0.7430912625425673,0
496,-1.014412001246145,0.4197436887658101,0
499,1.7818901812720147,-0.24746840142001625,1
500,0.002016039805628478,-0.43797072934219544,1
502,-0.7222379238072182,0.3893970520409621,0
504,1.3411522361200454,-0.43843143132528545,1
505,1.7747322919163981,0.0784332299586912,1
506,0.6702196073730347,-0.46039480655787696,1
507,-0.9130238457938022,0.48253465539161655,0
508,1.9028128568785017,0.5461972132962976,1
511,-0.3240849586503884,0.05770797769898106,1
513,1.136025486127753,0.11364632571006103,0
514,-0.4739359050549882,0.77120228325883,0
517,0.16279018036112042,1.38606232050607,0
518,2.0109294535428983,0.4690190627849688,1
521,0.6247760184252817,-0.4548894090301786,1
522,1.8492303848559304,0.2690707639209784,1
523,-0.5985447977886773,0.8724893545529439,0
524,-0.8338544266832861,0.7774556476019023,0
526,1.2485482307515423,-0.3765709908715693,1
528,0.6706195449702264,-0.43696275240486515,1
529,0.691279855864372,0.5673762316902125,0
530,0.34537688239593944,0.1543084937900382,1
531,0.7803027105187785,0.4033783231026538,0
535,-1.2066548787628055,0.4168976449887717,0
536,0.4987567393914881,0.923336482140321,0
538,0.8653318239979306,-0.6396452024010659,1
539,-0.9281753010572301,0.5037756031649224,0
540,0.1828988312476863,0.9248941564694652,0
541,0.07273151458536631,1.091937740745239,0
542,0.34678527500960676,0.8827618038455544,0
543,-1.3633011967784405,0.1156078348169531,0
544,0.8132670692851753,0.945461981945259,0
545,2.1761197542108666,0.2620439605650096,1
546,0.15593053573461935,0.3861582343328568,1
547,1.2138099917842489,-0.3655969803908995,1
548,0.3561906960579251,0.08918769657815298,1
549,0.8682816769830899,0.6270984231408775,0
550,0.6918581920586918,0.7637857909599036,0
553,0.8963923258978929,0.11856851687731013,0
555,1.8920116702056249,0.027494765824142474,1
556,-0.5790938810460153,0.7312502985286358,0
557,-0.06319750449881388,0.9842194513316012,0
560,0.34297160539482013,0.8883267107062106,0
561,2.3585845182661744,0.5447910556179468,1
563,0.9693042120297743,-0.435551685901737,1
565,-0.999222912044269,-0.045750521224537544,0
566,0.5148941496101499,-0.13081075477841742,1
567,-0.35466053099791595,0.4936996734051743,0
568,-0.6443995118343158,1.037151122347209,0
569,2.0876587144672403,0.12575460852865553,1
570,0.47828795081916115,0.7242770192206811,0
572,1.3804969701956133,-0.22230092375358573,1
573,0.6471719888265683,0.5583862835712935,0
574,-0.6270742658952837,1.0401331248725953,0
577,-0.7444441423646668,-0.042711266085823096,0
578,-0.8886895891788273,0.6936563996880365,0
579,0.19216799274241025,-0.05271260333406416,1
581,0.6056310206727715,0.14450408736662246,0
582,1.5716356306472807,-0.6940042930159376,1
583,1.3969471691624091,-0.33417644566692234,1
586,-0.16625354698177336,0.29918446719665864,1
589,0.5026134096141638,0.879315525455026,0
590,-0.009179617941730608,0.8110856258903743,0
592,0.41659481531621356,-0.21799899104693626,1
593,1.0675222128421642,-0.436202820624306,1
595,0.6975470894080703,0.7473356960111803,0
600,1.2043000660381527,-0.06596625599209154,0
602,-0.2602649402056345,0.9405157533862534,0
603,0.1122410816232092,0.8695342908198875,0
604,0.46662856726763297,-0.42858801880217196,1
605,1.829062935731332,0.28863936730347417,1
606,0.43540518373961745,1.1633562772425234,0
608,0.385689074987531,0.3704061798024091,1
609,-0.1474695525484409,-0.2564952986690013,1
610,0.7185386381004952,0.8353871327616621,0
611,-0.14142075033218238,0.9938974188708618,0
612,1.4808147079300633,-0.7208228076538304,1
613,1.0104556358856802,-0.12234332195491382,1
614,0.6310510494932962,-0.3295407304184617,1
615,0.4118914397675326,-0.4126449515102663,1
616,1.9407655210160992,-0.10613386187854967,1
617,0.09056890512601004,0.42184384522917656,1
618,2.291359966978692,0.5279323842116704,1
619,1.4183122344286287,0.3009436591686118,0
620,1.8226141528061786,-0.07365460689350625,1
621,0.4620781836573483,0.3936171541675029,0
622,1.552371260197861,-0.716250763467042,1
623,0.5647504651959167,0.6323276276111112,0
624,0.816064252813386,-0.03331987848650245,0
625,-0.038589939051436956,0.4321754495301333,1
627,2.0805317938407906,0.870803277102499,1
629,-0.15137450268319935,0.3668373441976966,1
630,1.779295579228093,0.26212998442035323,1
633,0.7231580597160142,-0.6109789103261059,1
634,1.4437024516956272,-0.5663574120488019,1
635,0.31990547495940924,0.951831904690275,0
637,2.1443849865949454,0.1119903529593717,1
638,-0.8958069074855775,0.25754659256732476,0
639,1.8130271475131332,0.27094439023801387,1
640,-0.8264946035064717,0.30940379896362635,0
641,-0.048924164683296856,0.9303066410877298,0
642,1.2772707693951313,0.13265526610334522,0
643,2.0795620892566062,0.25391288170803605,1
644,-0.46071193038641983,0.9396381285898451,0
645,-0.7469813769432037,-0.15904434899489042,0
646,2.0211193132081853,0.4516829430113447,1
647,1.6676526186168434,-0.17909948587679872,1
648,0.7291140088064081,-0.6082075897598245,1
649,1.205307556398576,-0.4677273002943455,1
652,1.8311278286193662,0.00623075524906147,1
653,0.09437406106730639,0.650234095240852,1
654,2.350259824959586,0.16315294469899677,1
655,1.2966206042859711,-0.5932146396624687,1
656,0.06800393720639761,0.30957183133246435,1
657,2.0866285665088515,0.4038059801730356,1
658,0.15957606730648483,0.7134266130077226,0
659,1.4731924700952228,0.19216468047675178,1
661,1.1212241687046172,-0.15149101539513637,1
663,0.8417390025667517,-0.5854318803223337,1
664,0.7755103101166307,0.6110544816938496,0
665,-0.13512209648783183,1.2317385185987142,0
667,1.0190722837677244,0.367282480242764,0
670,0.9939538816481805,-0.7293279883074868,1
671,0.14412942952078966,-0.11050887772096993,1
672,1.1704176411734215,-0.39976883148967624,1
673,0.3115788944321997,-0.4556708500510192,1
675,0.9261579010724788,0.3733151318905842,0
676,0.6290595400323445,0.9945851287045304,0
679,0.30104922883176316,0.7283574831369649,0
681,1.5114118143790043,-0.08614398163892256,1
682,0.8659356026682218,-0.6715868991784368,1
684,1.3663751478400397,-0.33639749041975303,1
685,1.1667094487179903,-0.14023232241816574,0
686,-0.9909122452426324,0.06996939467824093,0
688,0.03633891654687631,1.1796502286143302,0
689,0.06164696944101694,1.16928069210978,0
692,-0.019758590685928668,-0.151088396341944,1
695,-0.2117130869204551,1.1715388584995683,0
696,0.20544681421348795,-0.3730089152320637,1
697,-0.2973062955957879,1.0337215582014436,0
698,-0.8091420387353954,0.719141703874539,0
699,0.29664491324429587,0.6415772021412584,0
701,0.4120295240638717,-0.7555847566591334,1
702,2.3128189410110624,-0.1924342997729825,1
703,0.2879294743781392,0.1230047378292712,1
704,1.8403733949713044,0.14547183225536492,1
706,0.5744009603042817,0.9996223817958088,0
707,1.0731185064729007,0.8335631901188284,0
708,1.2067532039860038,-0.5310854360850555,1
709,2.1001429108183483,0.3050764673662585,1
710,0.8519503781607896,-0.6472314324869561,1
711,0.6896412879501025,-0.44833763928623005,1
712,-0.7600142144947832,0.67700867819734,0
714,-0.3546243793928546,1.0322728728186596,0
715,0.47349334799962733,0.802377898772525,0
717,1.7233702688397023,-0.20517547391385027,1
718,0.06898110648440842,-0.08638598616459722,1
719,0.45732973900275575,0.7787053568563678,0
720,1.6388165047311745,-0.08178159040762051,1
721,0.2863332253305287,0.8361830900225261,0
722,0.24772329717720626,-0.16058627107747264,1
723,-0.17862136668029333,1.1045240424723624,0
724,-0.3631094460624786,0.9188436712766559,0
725,-0.5209629277679377,0.5843199271845323,0
727,0.3742720435736582,0.7717163363728479,0
728,0.09500596382681234,0.8029307106584425,0
729,-0.7525738100605089,0.2486904009184808,0
730,-0.008951484514128263,1.1399044914112606,0
731,-0.9190684907325369,0.6312089463321904,0
733,1.113208955643874,-0.49061466126940523,1
735,1.3417330439421233,-0.29157972727357157,1
736,1.763122096395503,0.052611349372979455,1
737,1.1254336040688515,0.46769861157623455,0
738,0.2196926744572962,-0.22166672872076887,1
741,1.1760217646374176,-0.21774111523124817,1
742,0.6777128809546596,-0.48278243459780085,1
743,1.7092085067818443,0.16261544153830274,1
744,-0.17582490372086476,0.9760037358905288,0
745,0.4358536314947884,-0.46512333676291084,1
746,1.738152250126028,-0.0014608870890387795,1
750,0.43529923348733435,-0.30139947044962745,1
752,1.0341386087036561,-0.3088214835488814,1
753,-0.8026858634598775,0.8041227614294189,0
755,0.3153605820279486,0.17774907055359562,1
756,-0.005504593649030942,0.8306559539084549,0
757,1.462028815361425,-0.3921156218703048,1
758,-1.1451458055343104,0.5687910421902375,0
759,-0.9591610509602347,-0.03805039948197822,0
762,-0.45655058425660844,0.99731489437716,0
763,1.3950565268432111,-0.2719786999499609,1
764,-0.06246387250366886,-0.40714085414450235,1
768,1.495391973718499,-0.2621422550474146,1
769,0.29788185442132026,1.315059935133002,0
770,1.0732427700013036,-0.5587203531984152,1
771,0.8085171123941692,-0.23282043570786187,1
774,-0.8086242918550675,0.5018162242897846,0
775,1.6288567035378658,-0.37638764097171956,1
777,-0.9362579239658922,0.5488617907507795,0
778,-0.0970957406962533,0.4708067620016665,0
781,0.43350627772022465,-0.24697071921171668,1
782,0.20039359146092772,1.022403119213245,0
783,-0.5041318535133616,0.5545808340257803,0
784,-0.7250013237696655,0.9719113729754134,0
785,0.11231454140396008,1.025587691197959,0
786,2.1545272316424833,0.0659796945171173,1
788,-0.7878533056821388,-0.10112062651357656,0
789,-0.44196526218624455,0.95283645808864,0
791,0.2799241096595737,-0.30354071955843215,1
793,2.2360444553063807,0.04622579242923379,1
797,1.1980651158976727,-0.5633707207719002,1
798,0.45629953275315216,-0.49010874381487646,1
799,1.6495052649264512,-0.0384544308289646,1
800,0.12665086429316996,0.08077813017909004,1
801,1.7056181820378618,0.5542693542916961,1
802,-0.11878343839377803,0.2037032718831199,1
803,1.410259764169584,-0.5066044690073311,1
804,0.8076009554619726,0.14282010596716077,0
805,0.1132137824783932,1.1228706884114112,0
806,0.46360259891791245,-0.479059808984115,1
808,0.012154313395272776,0.024211779073669837,1
809,0.8698329765959067,0.26349846806825483,0
812,0.32158899281773984,-0.34123776016012974,1
814,1.7158708171507264,-0.20536455890399774,1
815,1.5856015308380218,-0.2510744079690294,1
818,0.858956502884537,0.5713481377949348,0
819,0.18737507539959114,-0.0025450066240822605,1
820,0.06511043911056881,1.1126304779220724,0
821,0.9358212539836605,-0.7475502076134701,1
824,-0.9235761562246655,0.002449081766589478,0
825,0.0538849733895476,0.48493237951171575,1
827,0.3961807014985555,0.7088533922825075,0
828,-0.9206852966593808,0.4070030489241441,0
829,1.3704257671565527,-0.3181899366993662,1
830,-0.8315636170423334,0.4243480376196056,0
831,1.0997437694390222,-0.5919252681463814,1
833,0.0515895568019856,0.6658697963067262,0
834,0.7308600282348987,-0.29547164764305145,0
835,1.1657110967821172,-0.4631437282621418,1
836,0.3938055513012645,-0.16203703867079333,1
837,2.1428431866687663,-0.04502995472764096,1
840,-0.10037276562307604,0.09488369580882614,1
841,0.5411101791087992,-0.4816124551244019,1
842,0.636235855464732,-0.4515135291598027,1
844,1.446272866387008,0.08513475562091677,1
845,0.6977964421819768,-0.2984072536275967,1
846,0.259621095447232,-0.0016972420757428025,1
848,-0.07209901131973562,-0.20687719938613325,1
849,1.0383452586985018,0.026500318579919524,0
850,0.869630264620084,-0.005139150735960968,0
851,1.111413216258672,-0.3940265079575272,1
853,0.559746868304901,0.8780725132083291,0
854,0.5690388688297162,0.9386093544673209,0
855,1.1929965973017254,0.3172867000854267,0
856,1.5417999234382282,-0.09652030796574561,1
858,-1.112593232122125,-0.27040587212709666,0
859,1.2792290699168192,-1.0016573759144125,1
860,-0.8699050516694768,0.4855779714472612,0
861,-0.4460078621499458,0.8209614195989472,0
862,-0.6292903326227564,0.65225161016667,0
863,0.4920209495534066,-0.16241652949527152,1
865,0.33582480937015025,0.06856445426595066,1
867,0.9376765140466823,0.41954519591342254,0
869,-0.6240696049100275,0.25199021195685856,0
872,1.6718414626724991,0.5142896072698124,1
873,0.20199557091683626,0.5350899348656206,1
875,1.5111543235717737,0.30056796500267163,1
877,1.5466249498889704,-0.438420280974058,1
878,1.213610941909146,0.2728591601339657,0
879,0.47071630617730553,0.9670077603899275,0
880,0.8612659535161609,0.3571825406006366,0
883,0.5101326893253673,0.9411718494747459,0
885,0.3001850125091279,0.8708944705992568,0
886,1.1158133998212187,-0.1771774046268006,1
887,0.9348301624227466,0.41252269773297207,0
888,1.8784286632140839,-0.3905044890119357,1
889,-0.4847961684965907,1.1159928773504666,0
890,1.3544011117367405,-0.49196812948139235,1
891,0.7615679613501632,-0.4278156953816181,1
893,-0.48183452988410047,0.9032761311813149,0
894,0.4759493305631145,-0.6561622183812994,1
897,-0.7492027304554556,0.6239050750405513,0
899,1.7993272533528706,0.2607551527634828,1
900,1.6507410237919897,-0.719191256091307,1
902,-0.25950073047995137,0.9621624215345032,0
905,-0.02709352316056242,0.1279464062891253,1
906,0.9795059382363491,-0.5223797266163757,1
907,-0.5381744384759168,0.8079043867416835,0
908,0.4682955980182235,-0.35142334557347765,1
910,1.3762458621758762,-0.505990097342071,1
912,0.5236809992603118,0.6294459357456741,0
913,0.38529032267978236,-0.0205710572211672,1
914,-0.8981810871381977,0.9787948075456623,0
915,0.7783286892991229,-0.32595289727104854,0
916,1.7590773531895885,-0.013058061357581724,1
917,1.6447873298773565,0.36756767045300787,1
918,0.2625316225576406,-0.13186240660512805,1
919,0.8933365971400623,0.5618232896706241,0
920,0.2598345484320079,0.9981491545915965,0
921,1.0166427235697937,0.0498798801158635,0
923,0.23925038914156324,0.652390224983744,1
924,-1.2140044902933267,0.6231434559540707,0
929,1.809554364145438,-0.15010220034813718,1
930,0.014660204249118139,-0.21682616480022332,1
931,-0.5876248729339083,0.9241280909227068,0
933,-0.11938964912622672,0.9703828791981225,0
934,1.059960624419849,0.11968593033050601,0
936,0.5272163457870278,-0.187292679025506,1
937,-0.7583677310436691,0.6307794052793673,0
938,0.166236364637557,1.24714886120052,0
944,-0.9139688158224756,0.18480263399013497,0
945,1.7127701713423424,0.42202026252413183,1
946,0.2837211602887892,0.6110874549169832,1
952,0.8321755674805176,-0.2929085987396387,1
953,0.8000276352070863,0.7782118961868886,0
954,1.3693299714049378,-0.6826045244590259,1
955,0.3643193448661859,-0.8569886009854717,1
956,-0.8809414973499794,0.18737393292283422,0
958,-0.13609613944231053,0.4379024154322051,1
959,1.0927022754744327,0.35378698343464693,0
960,-0.9372269792946191,0.08151889435959081,0
961,0.42034673553986407,-0.07247681626055902,1
962,1.4815303614354705,-0.3819825432711912,1
963,1.0928020872904787,-0.7076480954948134,1
965,0.8524012136738521,0.197822370850274,0
966,-0.5907801655274967,0.6977311027295037,0
968,0.1051641441414618,0.9519723741487592,0
969,0.043728813445130216,0.8927541553962252,0
970,1.8282621704140924,0.4276221609790192,1
971,0.130925058887172,0.6602651586044632,0
974,-1.1371038787516015,0.5182342369435623,0
976,-0.5202794645598612,0.864619188138472,0
977,1.0445791823020305,-0.17429253155559554,1
978,-0.5806373935810553,1.0047437140598827,0
980,0.47594942528761364,0.8788513265202371,0
981,0.5043580792312927,-0.006414682205630184,1
982,1.6362875402790495,-0.13643283973028222,1
984,-0.6758697573242779,0.4116080380498514,0
986,-0.9960871968825736,0.13668460319959747,0
987,-0.6327879814540658,0.7345995726071441,0
988,0.2441541401344778,1.0641348252539242,0
990,0.9919425234786095,0.22408612100154007,0
992,0.9921722058900431,-0.13385064947836325,0
993,0.8964246571452399,-0.5000779138033665,1
994,1.0115236458337538,0.87610263559134,0
996,-0.1958516134461225,0.8337937987770068,0
997,1.727608077683798,-0.42882943126134593,1
998,-1.014486440903048,0.13522904231407679,0
